InvoiceDate,WORLD WAR 2 GLIDERS ASSTD DESIGNS,STRIPY DESIGN SHOWER CAP,BLUE POLKADOT PLATE
2009-12-01T12:57:00Z,48,0,0
2009-12-02T10:58:00Z,288,0,0
2009-12-02T12:32:00Z,3,0,0
2009-12-02T13:20:00Z,48,0,0
2009-12-02T13:23:00Z,96,0,0
2009-12-03T16:12:00Z,48,0,0
2009-12-03T16:21:00Z,2,0,0
2009-12-03T20:03:00Z,6,0,0
2009-12-04T13:47:00Z,96,0,0
2009-12-04T14:24:00Z,0,2,0
2009-12-04T15:16:00Z,48,0,0
2009-12-05T13:29:00Z,48,0,0
2009-12-07T13:07:00Z,48,0,0
2009-12-07T13:48:00Z,48,0,0
2009-12-07T15:42:00Z,0,12,0
2009-12-08T12:25:00Z,0,0,0
2009-12-08T12:46:00Z,144,0,0
2009-12-08T13:46:00Z,288,0,0
2009-12-08T14:28:00Z,0,0,0
2009-12-08T16:43:00Z,48,0,0
2009-12-08T17:08:00Z,96,0,0
2009-12-10T11:27:00Z,48,0,0
2009-12-10T12:44:00Z,96,0,0
2009-12-10T13:03:00Z,48,0,0
2009-12-10T15:52:00Z,96,0,0
2009-12-10T20:16:00Z,96,0,0
2009-12-11T16:33:00Z,48,0,0
2009-12-13T10:54:00Z,48,0,0
2009-12-13T13:17:00Z,4,0,0
2009-12-13T13:39:00Z,48,0,0
2009-12-14T12:02:00Z,144,0,0
2009-12-14T14:48:00Z,48,0,0
2009-12-14T15:31:00Z,48,0,0
2009-12-14T15:51:00Z,48,0,0
2009-12-15T09:40:00Z,144,0,0
2009-12-16T17:27:00Z,96,0,0
2009-12-17T11:06:00Z,96,0,0
2009-12-17T15:41:00Z,48,0,0
2009-12-18T12:04:00Z,0,1,0
2009-12-18T14:28:00Z,48,0,0
2009-12-21T13:29:00Z,48,48,0
2010-01-05T10:19:00Z,96,0,0
2010-01-05T12:26:00Z,48,0,0
2010-01-05T13:58:00Z,96,0,0
2010-01-05T15:55:00Z,48,0,0
2010-01-07T11:52:00Z,0,12,0
2010-01-08T09:08:00Z,48,0,0
2010-01-12T14:33:00Z,288,0,0
2010-01-14T16:33:00Z,0,2,0
2010-01-15T16:58:00Z,48,0,0
2010-01-17T14:53:00Z,48,0,0
2010-01-19T15:39:00Z,0,1,0
2010-01-20T16:00:00Z,3,0,0
2010-01-22T09:44:00Z,48,0,0
2010-01-22T10:51:00Z,48,0,0
2010-01-22T13:39:00Z,96,0,0
2010-01-24T12:12:00Z,96,0,0
2010-01-25T09:38:00Z,48,0,0
2010-01-25T15:36:00Z,288,0,0
2010-01-27T12:39:00Z,0,96,0
2010-01-28T15:41:00Z,48,0,0
2010-01-31T15:47:00Z,48,0,0
2010-02-01T11:20:00Z,48,0,0
2010-02-01T12:36:00Z,48,0,0
2010-02-01T12:53:00Z,48,0,0
2010-02-02T13:42:00Z,48,0,0
2010-02-02T14:34:00Z,48,0,0
2010-02-03T09:47:00Z,48,0,0
2010-02-03T15:45:00Z,48,0,0
2010-02-04T17:50:00Z,48,0,0
2010-02-05T13:17:00Z,48,0,0
2010-02-05T14:18:00Z,48,0,0
2010-02-07T14:07:00Z,96,0,0
2010-02-08T13:50:00Z,48,0,0
2010-02-09T09:17:00Z,48,0,0
2010-02-10T14:36:00Z,48,0,0
2010-02-11T10:01:00Z,0,3,0
2010-02-11T15:32:00Z,48,0,0
2010-02-14T12:22:00Z,48,0,0
2010-02-15T17:26:00Z,96,0,0
2010-02-16T10:45:00Z,48,0,0
2010-02-16T11:58:00Z,288,0,0
2010-02-16T12:11:00Z,48,0,0
2010-02-16T12:29:00Z,0,48,0
2010-02-16T16:53:00Z,48,0,0
2010-02-17T14:42:00Z,96,0,0
2010-02-17T14:43:00Z,48,0,0
2010-02-18T13:50:00Z,48,0,0
2010-02-18T13:57:00Z,48,0,0
2010-02-18T16:16:00Z,96,0,0
2010-02-18T16:20:00Z,48,0,0
2010-02-19T12:07:00Z,48,0,0
2010-02-21T14:41:00Z,48,0,0
2010-02-22T09:48:00Z,48,0,0
2010-02-22T10:24:00Z,96,0,0
2010-02-22T12:11:00Z,0,12,0
2010-02-22T13:05:00Z,48,0,0
2010-02-23T11:29:00Z,48,0,0
2010-02-24T10:18:00Z,0,240,0
2010-02-25T19:08:00Z,48,0,0
2010-02-26T10:10:00Z,48,0,0
2010-02-26T10:11:00Z,48,0,0
2010-02-26T14:35:00Z,144,0,0
2010-02-28T12:29:00Z,48,0,0
2010-03-01T10:14:00Z,288,0,0
2010-03-01T13:14:00Z,48,0,0
2010-03-02T14:36:00Z,48,0,0
2010-03-03T11:53:00Z,0,48,0
2010-03-03T14:13:00Z,144,0,0
2010-03-04T12:41:00Z,240,0,0
2010-03-04T13:53:00Z,48,0,0
2010-03-05T10:35:00Z,48,0,0
2010-03-05T14:39:00Z,48,0,0
2010-03-07T13:48:00Z,48,0,0
2010-03-07T14:25:00Z,0,1,0
2010-03-07T14:52:00Z,48,0,0
2010-03-08T10:32:00Z,48,0,0
2010-03-08T15:15:00Z,96,0,0
2010-03-09T07:37:00Z,0,96,0
2010-03-09T11:19:00Z,48,0,0
2010-03-09T11:23:00Z,48,0,0
2010-03-09T14:32:00Z,48,0,0
2010-03-10T09:30:00Z,144,0,0
2010-03-10T10:25:00Z,0,12,0
2010-03-10T14:49:00Z,48,0,0
2010-03-11T15:33:00Z,0,6,0
2010-03-14T16:18:00Z,48,0,0
2010-03-15T12:52:00Z,2016,0,0
2010-03-16T14:41:00Z,48,0,0
2010-03-17T14:12:00Z,48,0,0
2010-03-17T15:43:00Z,48,0,0
2010-03-18T10:22:00Z,288,0,0
2010-03-18T12:44:00Z,48,0,0
2010-03-18T17:04:00Z,48,0,0
2010-03-19T14:05:00Z,0,6,0
2010-03-21T16:02:00Z,48,0,0
2010-03-22T10:43:00Z,48,0,0
2010-03-22T14:30:00Z,48,0,0
2010-03-23T09:43:00Z,48,0,0
2010-03-23T10:23:00Z,48,0,0
2010-03-26T10:20:00Z,48,0,0
2010-03-28T10:33:00Z,48,0,0
2010-03-28T13:21:00Z,3,0,0
2010-03-28T13:31:00Z,48,0,0
2010-03-28T15:13:00Z,48,0,0
2010-03-29T13:39:00Z,48,0,0
2010-04-01T11:48:00Z,48,0,0
2010-04-01T14:52:00Z,48,0,0
2010-04-01T16:13:00Z,48,0,0
2010-04-06T09:28:00Z,1152,0,0
2010-04-06T13:42:00Z,0,1,0
2010-04-06T15:10:00Z,48,0,0
2010-04-07T16:09:00Z,48,0,0
2010-04-08T16:45:00Z,1,0,0
2010-04-08T17:04:00Z,48,0,0
2010-04-09T10:30:00Z,48,0,0
2010-04-11T15:34:00Z,48,0,0
2010-04-12T08:23:00Z,47,0,0
2010-04-12T13:50:00Z,48,0,0
2010-04-14T11:36:00Z,48,0,0
2010-04-14T13:29:00Z,96,0,0
2010-04-14T15:15:00Z,0,36,0
2010-04-15T10:43:00Z,48,0,0
2010-04-16T10:27:00Z,576,0,0
2010-04-16T10:49:00Z,48,0,0
2010-04-16T11:35:00Z,48,0,0
2010-04-16T12:43:00Z,48,0,0
2010-04-19T13:29:00Z,48,0,0
2010-04-22T11:51:00Z,48,0,0
2010-04-22T13:36:00Z,48,0,0
2010-04-22T16:12:00Z,288,0,0
2010-04-23T11:44:00Z,48,0,0
2010-04-25T13:07:00Z,96,0,0
2010-04-26T10:32:00Z,48,0,0
2010-04-26T12:57:00Z,48,0,0
2010-04-27T14:10:00Z,48,0,0
2010-04-28T11:54:00Z,96,0,0
2010-04-28T14:25:00Z,240,0,0
2010-04-29T10:33:00Z,48,0,0
2010-04-29T12:21:00Z,48,0,0
2010-04-29T13:41:00Z,48,0,0
2010-04-30T12:46:00Z,0,1,0
2010-05-02T10:39:00Z,48,0,0
2010-05-05T09:56:00Z,48,0,0
2010-05-05T12:20:00Z,48,0,0
2010-05-05T14:34:00Z,48,0,0
2010-05-07T15:33:00Z,48,0,0
2010-05-09T12:05:00Z,48,0,0
2010-05-10T12:29:00Z,48,0,0
2010-05-10T12:42:00Z,0,1,0
2010-05-10T16:04:00Z,96,0,0
2010-05-11T11:29:00Z,144,0,0
2010-05-11T13:29:00Z,192,0,0
2010-05-11T13:30:00Z,48,0,0
2010-05-11T13:45:00Z,48,0,0
2010-05-12T12:32:00Z,0,12,0
2010-05-12T15:41:00Z,48,0,0
2010-05-13T13:25:00Z,1152,0,0
2010-05-14T10:40:00Z,48,0,0
2010-05-16T12:51:00Z,0,2,0
2010-05-17T12:06:00Z,48,0,0
2010-05-17T14:34:00Z,0,0,0
2010-05-18T10:34:00Z,48,0,0
2010-05-19T09:20:00Z,48,0,0
2010-05-19T11:39:00Z,48,0,0
2010-05-20T11:04:00Z,48,0,0
2010-05-20T11:49:00Z,0,1,0
2010-05-20T13:15:00Z,288,0,0
2010-05-24T09:49:00Z,48,0,0
2010-05-24T14:17:00Z,16,0,0
2010-05-24T15:31:00Z,48,0,0
2010-05-25T12:03:00Z,48,0,0
2010-05-26T08:27:00Z,0,12,0
2010-05-27T11:09:00Z,48,0,0
2010-05-27T13:26:00Z,288,0,0
2010-05-27T14:04:00Z,48,0,0
2010-05-28T13:23:00Z,48,0,0
2010-06-02T13:23:00Z,0,48,0
2010-06-02T16:20:00Z,0,48,0
2010-06-03T09:06:00Z,48,0,0
2010-06-03T12:38:00Z,48,0,0
2010-06-03T17:53:00Z,2,0,0
2010-06-06T12:07:00Z,96,0,0
2010-06-06T12:13:00Z,48,0,0
2010-06-06T12:52:00Z,48,0,0
2010-06-06T12:59:00Z,48,0,0
2010-06-07T10:49:00Z,48,0,0
2010-06-07T12:29:00Z,96,0,0
2010-06-07T15:57:00Z,48,0,0
2010-06-08T12:16:00Z,48,0,0
2010-06-08T12:34:00Z,96,0,0
2010-06-09T08:02:00Z,48,0,0
2010-06-09T09:41:00Z,1152,0,0
2010-06-09T10:02:00Z,288,0,0
2010-06-09T13:08:00Z,48,0,0
2010-06-11T13:20:00Z,48,0,0
2010-06-11T13:27:00Z,48,0,0
2010-06-13T12:51:00Z,144,0,0
2010-06-13T14:30:00Z,48,0,0
2010-06-13T15:57:00Z,48,0,0
2010-06-14T12:01:00Z,48,0,0
2010-06-14T13:18:00Z,96,0,0
2010-06-14T16:25:00Z,288,0,0
2010-06-15T11:33:00Z,48,0,0
2010-06-15T16:31:00Z,96,0,0
2010-06-15T16:40:00Z,48,0,0
2010-06-16T09:48:00Z,48,0,0
2010-06-16T14:34:00Z,10,0,0
2010-06-16T16:24:00Z,48,0,0
2010-06-17T09:56:00Z,48,0,0
2010-06-17T11:26:00Z,96,0,0
2010-06-17T14:53:00Z,48,0,0
2010-06-17T15:34:00Z,48,0,0
2010-06-17T16:16:00Z,96,0,0
2010-06-21T10:13:00Z,48,0,0
2010-06-21T10:32:00Z,48,0,0
2010-06-23T11:34:00Z,48,0,0
2010-06-23T15:27:00Z,10,0,0
2010-06-24T09:06:00Z,48,0,0
2010-06-24T09:29:00Z,48,0,0
2010-06-25T11:27:00Z,48,0,0
2010-06-25T15:13:00Z,6,0,0
2010-06-25T17:20:00Z,15,0,0
2010-06-27T12:33:00Z,96,0,0
2010-06-27T15:24:00Z,144,0,0
2010-06-28T09:32:00Z,48,0,0
2010-06-28T12:04:00Z,48,0,0
2010-06-28T12:27:00Z,48,0,0
2010-06-29T09:06:00Z,864,0,0
2010-06-29T10:40:00Z,96,0,0
2010-06-29T12:10:00Z,48,0,0
2010-06-30T09:50:00Z,48,0,0
2010-06-30T10:03:00Z,48,0,0
2010-06-30T11:43:00Z,48,0,0
2010-06-30T12:17:00Z,48,0,0
2010-07-01T14:28:00Z,48,0,0
2010-07-01T16:50:00Z,48,0,0
2010-07-01T19:16:00Z,48,0,0
2010-07-02T09:46:00Z,48,0,0
2010-07-04T13:33:00Z,8,0,0
2010-07-05T15:09:00Z,0,48,0
2010-07-06T11:58:00Z,96,0,0
2010-07-07T12:28:00Z,48,0,0
2010-07-09T13:19:00Z,0,1,0
2010-07-09T14:58:00Z,1,0,0
2010-07-09T15:48:00Z,48,0,0
2010-07-12T13:15:00Z,48,0,0
2010-07-13T10:25:00Z,48,0,0
2010-07-13T11:57:00Z,48,0,0
2010-07-13T15:44:00Z,6,0,0
2010-07-14T09:54:00Z,288,0,0
2010-07-15T08:46:00Z,48,0,0
2010-07-15T09:02:00Z,48,0,0
2010-07-15T12:00:00Z,48,0,0
2010-07-15T12:02:00Z,48,0,0
2010-07-15T18:07:00Z,48,0,0
2010-07-15T19:21:00Z,48,0,0
2010-07-16T08:20:00Z,1,0,0
2010-07-16T10:21:00Z,48,0,0
2010-07-18T13:42:00Z,48,0,0
2010-07-19T08:40:00Z,96,0,0
2010-07-19T12:19:00Z,576,0,0
2010-07-19T14:12:00Z,0,1,0
2010-07-19T14:24:00Z,48,0,0
2010-07-20T12:32:00Z,48,0,0
2010-07-22T13:41:00Z,192,0,0
2010-07-23T11:32:00Z,48,0,0
2010-07-23T11:57:00Z,48,0,0
2010-07-23T15:09:00Z,1,0,0
2010-07-26T13:41:00Z,192,0,0
2010-07-26T13:46:00Z,0,0,0
2010-07-27T10:48:00Z,96,0,0
2010-07-28T12:58:00Z,48,0,0
2010-07-29T10:20:00Z,192,0,0
2010-07-29T10:26:00Z,5,0,0
2010-07-29T11:22:00Z,15,0,0
2010-07-29T16:14:00Z,96,0,0
2010-07-30T12:19:00Z,2,0,0
2010-07-30T12:21:00Z,48,0,0
2010-07-30T14:00:00Z,48,0,0
2010-08-01T15:55:00Z,96,0,0
2010-08-02T10:29:00Z,48,0,0
2010-08-02T14:24:00Z,96,0,0
2010-08-03T11:56:00Z,2304,0,0
2010-08-03T13:55:00Z,48,0,0
2010-08-03T15:17:00Z,10,0,0
2010-08-04T13:57:00Z,96,0,0
2010-08-05T13:31:00Z,48,0,0
2010-08-05T15:08:00Z,288,0,0
2010-08-06T15:21:00Z,48,0,0
2010-08-09T12:24:00Z,48,0,0
2010-08-09T12:28:00Z,48,0,0
2010-08-09T15:56:00Z,192,0,0
2010-08-09T18:20:00Z,48,0,0
2010-08-10T09:22:00Z,96,0,0
2010-08-11T15:13:00Z,1,0,0
2010-08-12T15:06:00Z,48,0,0
2010-08-13T11:16:00Z,48,0,0
2010-08-15T14:13:00Z,288,0,0
2010-08-17T15:17:00Z,48,0,0
2010-08-18T11:38:00Z,288,0,0
2010-08-18T12:47:00Z,48,0,0
2010-08-18T13:58:00Z,48,0,0
2010-08-18T16:54:00Z,192,0,0
2010-08-20T13:08:00Z,48,0,0
2010-08-20T13:10:00Z,48,0,0
2010-08-22T13:46:00Z,96,0,0
2010-08-23T14:35:00Z,48,0,0
2010-08-24T11:57:00Z,48,0,0
2010-08-25T14:34:00Z,48,0,0
2010-08-25T14:53:00Z,48,0,0
2010-08-27T09:12:00Z,6,0,0
2010-08-27T13:05:00Z,48,0,0
2010-08-31T13:57:00Z,48,0,0
2010-08-31T15:28:00Z,0,1,0
2010-09-01T15:21:00Z,48,0,0
2010-09-02T14:12:00Z,192,0,0
2010-09-02T15:51:00Z,48,0,0
2010-09-03T12:06:00Z,1488,2,0
2010-09-05T11:14:00Z,48,0,0
2010-09-05T12:44:00Z,48,0,0
2010-09-06T11:22:00Z,576,0,0
2010-09-06T13:26:00Z,48,0,0
2010-09-06T16:17:00Z,1,0,0
2010-09-07T14:46:00Z,48,0,0
2010-09-07T15:01:00Z,48,0,0
2010-09-07T15:20:00Z,48,0,0
2010-09-08T16:17:00Z,48,0,0
2010-09-09T20:03:00Z,48,0,0
2010-09-13T09:27:00Z,48,0,0
2010-09-15T14:45:00Z,19,0,0
2010-09-16T10:51:00Z,48,0,0
2010-09-17T10:37:00Z,48,0,0
2010-09-19T13:01:00Z,48,0,0
2010-09-19T15:09:00Z,48,0,0
2010-09-19T16:02:00Z,48,0,0
2010-09-20T13:03:00Z,0,0,0
2010-09-20T15:31:00Z,48,0,0
2010-09-20T16:23:00Z,48,0,0
2010-09-21T09:26:00Z,144,0,0
2010-09-21T12:56:00Z,48,0,0
2010-09-22T09:19:00Z,48,0,0
2010-09-22T11:01:00Z,144,0,0
2010-09-22T11:05:00Z,96,0,0
2010-09-22T14:01:00Z,96,0,0
2010-09-23T11:58:00Z,0,0,3
2010-09-23T13:38:00Z,48,0,0
2010-09-23T14:00:00Z,48,0,0
2010-09-24T11:11:00Z,0,1,0
2010-09-24T14:56:00Z,48,0,0
2010-09-26T11:20:00Z,48,0,0
2010-09-26T12:10:00Z,48,0,0
2010-09-26T14:42:00Z,5,0,0
2010-09-27T14:20:00Z,96,0,0
2010-09-27T15:56:00Z,2,0,0
2010-09-28T09:12:00Z,288,0,0
2010-09-28T17:00:00Z,0,0,2
2010-09-29T09:46:00Z,48,0,0
2010-09-29T11:19:00Z,48,0,0
2010-09-30T09:01:00Z,48,0,0
2010-09-30T09:28:00Z,0,0,8
2010-09-30T12:12:00Z,0,0,2
2010-09-30T13:57:00Z,48,0,0
2010-09-30T14:38:00Z,48,0,0
2010-10-01T13:30:00Z,0,0,2
2010-10-01T16:10:00Z,0,0,8
2010-10-03T10:36:00Z,48,0,0
2010-10-03T10:50:00Z,0,0,32
2010-10-03T12:40:00Z,0,0,32
2010-10-03T14:08:00Z,96,0,0
2010-10-03T15:24:00Z,0,0,1
2010-10-04T08:21:00Z,48,0,0
2010-10-04T12:14:00Z,48,0,0
2010-10-04T12:34:00Z,48,0,0
2010-10-04T12:45:00Z,48,0,0
2010-10-04T15:44:00Z,0,0,8
2010-10-05T12:18:00Z,192,0,0
2010-10-05T14:05:00Z,0,0,4
2010-10-05T15:34:00Z,48,0,0
2010-10-07T10:37:00Z,48,0,0
2010-10-07T14:28:00Z,48,0,0
2010-10-07T14:48:00Z,0,2,0
2010-10-07T19:27:00Z,0,0,0
2010-10-08T11:36:00Z,0,0,8
2010-10-08T12:03:00Z,2880,0,0
2010-10-08T12:14:00Z,48,0,0
2010-10-08T13:30:00Z,48,0,0
2010-10-10T12:53:00Z,48,0,0
2010-10-10T14:18:00Z,0,4,0
2010-10-11T13:49:00Z,96,0,0
2010-10-11T13:55:00Z,48,0,0
2010-10-11T15:45:00Z,0,0,0
2010-10-11T17:29:00Z,48,0,0
2010-10-12T08:08:00Z,48,0,0
2010-10-12T09:58:00Z,288,0,0
2010-10-12T13:16:00Z,0,0,5
2010-10-12T15:04:00Z,48,0,0
2010-10-12T16:25:00Z,0,0,1
2010-10-13T11:10:00Z,0,0,5
2010-10-13T12:48:00Z,48,0,0
2010-10-13T14:41:00Z,0,0,8
2010-10-14T12:32:00Z,0,0,12
2010-10-14T13:00:00Z,48,0,0
2010-10-14T13:57:00Z,48,0,0
2010-10-18T13:33:00Z,48,0,0
2010-10-18T15:44:00Z,1,0,0
2010-10-19T10:58:00Z,48,0,0
2010-10-19T11:10:00Z,0,0,2
2010-10-19T11:53:00Z,48,0,0
2010-10-19T13:28:00Z,48,0,0
2010-10-20T09:45:00Z,48,0,0
2010-10-20T13:09:00Z,0,1,0
2010-10-21T07:48:00Z,0,0,8
2010-10-21T10:46:00Z,48,0,0
2010-10-22T10:29:00Z,48,0,0
2010-10-24T13:54:00Z,96,0,0
2010-10-24T13:57:00Z,48,0,0
2010-10-25T11:43:00Z,48,0,0
2010-10-25T12:58:00Z,5,0,0
2010-10-25T13:40:00Z,0,2,0
2010-10-26T11:32:00Z,48,0,0
2010-10-26T12:14:00Z,5,0,0
2010-10-26T14:42:00Z,96,0,0
2010-10-26T17:23:00Z,0,0,16
2010-10-26T17:26:00Z,288,0,0
2010-10-27T09:52:00Z,0,0,8
2010-10-27T09:59:00Z,48,0,0
2010-10-28T18:54:00Z,48,0,0
2010-10-29T08:48:00Z,48,0,0
2010-10-29T13:58:00Z,0,0,8
2010-10-29T15:32:00Z,0,0,80
2010-10-29T17:26:00Z,48,0,0
2010-10-31T11:22:00Z,0,0,1
2010-10-31T15:31:00Z,48,0,0
2010-11-01T10:37:00Z,0,0,4
2010-11-01T11:35:00Z,2,0,0
2010-11-01T13:33:00Z,48,0,0
2010-11-01T16:24:00Z,48,0,0
2010-11-02T12:37:00Z,48,0,0
2010-11-02T13:57:00Z,3,0,0
2010-11-02T17:12:00Z,48,0,0
2010-11-04T11:35:00Z,4320,0,0
2010-11-04T11:53:00Z,48,0,0
2010-11-04T12:09:00Z,0,0,8
2010-11-04T13:01:00Z,96,0,0
2010-11-04T14:26:00Z,96,0,0
2010-11-04T14:49:00Z,15,0,0
2010-11-05T11:17:00Z,48,0,0
2010-11-05T12:43:00Z,48,0,0
2010-11-07T11:44:00Z,96,0,0
2010-11-07T12:37:00Z,48,0,0
2010-11-07T14:04:00Z,48,0,0
2010-11-07T15:57:00Z,288,0,0
2010-11-07T17:40:00Z,1,0,0
2010-11-07T17:44:00Z,0,0,0
2010-11-08T09:20:00Z,3,0,0
2010-11-08T14:14:00Z,576,0,0
2010-11-09T07:56:00Z,1200,0,0
2010-11-09T10:13:00Z,48,0,0
2010-11-09T16:39:00Z,48,0,0
2010-11-10T09:34:00Z,2,0,0
2010-11-10T11:47:00Z,48,0,0
2010-11-10T13:08:00Z,0,0,1
2010-11-10T13:31:00Z,288,0,0
2010-11-10T14:16:00Z,0,0,8
2010-11-10T14:48:00Z,4,0,0
2010-11-10T15:00:00Z,48,0,0
2010-11-11T12:18:00Z,0,0,3
2010-11-11T15:25:00Z,48,0,0
2010-11-12T09:39:00Z,48,0,0
2010-11-12T10:36:00Z,48,0,0
2010-11-12T11:33:00Z,48,0,0
2010-11-12T14:13:00Z,48,0,0
2010-11-12T15:35:00Z,48,0,0
2010-11-14T11:37:00Z,0,2,0
2010-11-14T16:32:00Z,3,0,0
2010-11-15T09:32:00Z,2,0,0
2010-11-15T12:17:00Z,2,0,0
2010-11-15T12:21:00Z,48,0,0
2010-11-15T12:35:00Z,0,3,0
2010-11-15T13:54:00Z,48,0,0
2010-11-15T14:09:00Z,0,0,2
2010-11-15T14:26:00Z,48,0,0
2010-11-16T09:28:00Z,48,0,0
2010-11-16T10:42:00Z,48,0,0
2010-11-16T12:50:00Z,48,0,0
2010-11-16T15:24:00Z,96,0,0
2010-11-16T18:10:00Z,0,0,16
2010-11-17T10:34:00Z,48,0,0
2010-11-17T12:11:00Z,0,0,2
2010-11-17T13:42:00Z,48,0,0
2010-11-17T15:24:00Z,48,0,0
2010-11-17T16:01:00Z,48,0,0
2010-11-18T10:32:00Z,48,0,0
2010-11-18T10:44:00Z,0,0,8
2010-11-18T13:55:00Z,3,0,0
2010-11-18T14:07:00Z,3,0,0
2010-11-19T13:21:00Z,0,0,4
2010-11-19T14:20:00Z,48,0,0
2010-11-19T14:27:00Z,0,0,4
2010-11-19T14:29:00Z,0,0,2
2010-11-21T11:03:00Z,0,0,12
2010-11-21T13:30:00Z,96,0,0
2010-11-21T14:13:00Z,0,4,0
2010-11-21T16:14:00Z,48,0,0
2010-11-22T11:25:00Z,1,0,0
2010-11-22T11:57:00Z,0,0,8
2010-11-22T13:02:00Z,1,0,0
2010-11-22T13:22:00Z,48,0,0
2010-11-22T14:36:00Z,48,0,0
2010-11-22T15:52:00Z,0,0,2
2010-11-23T12:57:00Z,0,0,2
2010-11-23T16:53:00Z,2,0,0
2010-11-24T12:43:00Z,48,0,0
2010-11-24T13:56:00Z,0,0,1
2010-11-24T14:02:00Z,48,0,0
2010-11-24T14:55:00Z,0,2,0
2010-11-24T15:09:00Z,0,1,0
2010-11-24T16:16:00Z,96,0,0
2010-11-25T11:00:00Z,48,0,0
2010-11-25T12:33:00Z,48,0,0
2010-11-25T12:35:00Z,0,0,1
2010-11-25T13:30:00Z,48,0,0
2010-11-25T13:49:00Z,48,0,0
2010-11-25T16:44:00Z,48,0,0
2010-11-25T19:32:00Z,0,0,2
2010-11-26T11:20:00Z,1,0,0
2010-11-26T13:22:00Z,48,0,0
2010-11-28T11:49:00Z,0,2,0
2010-11-28T14:57:00Z,48,0,0
2010-11-29T09:46:00Z,3,0,0
2010-11-29T12:03:00Z,0,2,0
2010-11-29T12:13:00Z,0,0,1
2010-11-29T16:13:00Z,48,0,0
2010-11-29T16:45:00Z,2,0,4
2010-11-30T09:44:00Z,48,0,0
2010-11-30T13:07:00Z,48,0,0
2010-11-30T15:14:00Z,48,0,0
2010-11-30T17:43:00Z,48,0,0
2010-12-01T11:49:00Z,0,0,2
2010-12-02T10:09:00Z,96,0,0
2010-12-02T10:17:00Z,96,0,0
2010-12-02T12:47:00Z,0,0,16
2010-12-02T17:38:00Z,5760,0,0
2010-12-02T18:25:00Z,576,0,0
2010-12-03T10:26:00Z,96,0,0
2010-12-03T11:36:00Z,2,0,0
2010-12-05T11:10:00Z,96,0,0
2010-12-05T12:13:00Z,0,0,2
2010-12-05T12:15:00Z,96,0,0
2010-12-05T15:12:00Z,0,4,0
2010-12-06T09:58:00Z,16,0,0
2010-12-06T10:43:00Z,0,0,16
2010-12-07T09:51:00Z,0,0,192
2010-12-07T11:33:00Z,96,0,0
2010-12-07T18:36:00Z,4,0,0
2010-12-08T10:36:00Z,96,0,0
2010-12-08T10:53:00Z,96,0,0
2010-12-08T12:29:00Z,96,0,0
2010-12-08T12:46:00Z,0,2,0
2010-12-08T15:56:00Z,192,0,0
2010-12-08T16:15:00Z,0,0,0
2010-12-09T14:09:00Z,8,0,0
2010-12-09T14:27:00Z,96,0,0
2010-12-10T09:51:00Z,14,0,0
2010-12-10T11:44:00Z,0,0,8
2010-12-10T12:44:00Z,48,0,0
2010-12-10T14:59:00Z,5,0,0
2010-12-12T10:48:00Z,48,0,0
2010-12-12T11:46:00Z,48,0,0
2010-12-12T12:24:00Z,0,6,0
2010-12-13T09:29:00Z,48,0,0
2010-12-13T09:39:00Z,48,0,0
2010-12-13T11:21:00Z,2,0,0
2010-12-13T12:50:00Z,48,0,0
2010-12-13T14:36:00Z,96,0,0
2010-12-13T15:07:00Z,0,0,1
2010-12-14T10:46:00Z,0,0,2
2010-12-14T11:48:00Z,0,0,2
2010-12-14T13:50:00Z,0,0,8
2010-12-14T14:42:00Z,144,0,0
2010-12-16T11:27:00Z,48,0,0
2010-12-16T11:51:00Z,0,1,0
2010-12-16T19:24:00Z,3,0,0
2010-12-17T10:54:00Z,576,0,0
2010-12-17T14:41:00Z,2,0,2
2010-12-17T17:08:00Z,11,0,2
2010-12-17T17:17:00Z,48,0,0
2010-12-19T11:19:00Z,48,0,0
2010-12-19T14:23:00Z,3,0,0
2010-12-19T14:41:00Z,48,0,0
2010-12-20T13:43:00Z,4,0,0
2010-12-20T14:49:00Z,48,0,0
2010-12-21T15:40:00Z,0,0,2
2010-12-21T17:16:00Z,48,0,0
2011-01-04T12:58:00Z,0,0,12
2011-01-04T13:25:00Z,1,0,0
2011-01-04T15:50:00Z,0,2,0
2011-01-05T09:44:00Z,96,0,0
2011-01-05T13:37:00Z,288,0,0
2011-01-05T13:53:00Z,240,0,0
2011-01-06T11:12:00Z,0,0,96
2011-01-07T12:28:00Z,0,0,8
2011-01-07T15:42:00Z,0,0,16
2011-01-10T15:51:00Z,48,0,0
2011-01-10T16:24:00Z,0,0,1
2011-01-11T12:11:00Z,48,0,0
2011-01-11T12:25:00Z,48,0,0
2011-01-11T12:41:00Z,48,0,0
2011-01-11T14:42:00Z,0,0,2
2011-01-12T11:21:00Z,0,0,96
2011-01-12T11:52:00Z,48,0,0
2011-01-12T13:30:00Z,0,0,4
2011-01-12T14:10:00Z,0,0,8
2011-01-12T15:22:00Z,0,2,0
2011-01-14T10:42:00Z,48,0,0
2011-01-14T14:06:00Z,1,0,0
2011-01-17T13:39:00Z,0,0,1
2011-01-17T17:57:00Z,0,0,2
2011-01-18T14:29:00Z,0,0,4
2011-01-19T13:21:00Z,0,0,8
2011-01-21T14:17:00Z,0,0,4
2011-01-24T13:48:00Z,288,0,0
2011-01-25T09:58:00Z,0,0,8
2011-01-25T10:45:00Z,2,0,0
2011-01-26T11:27:00Z,48,0,2
2011-01-26T12:27:00Z,0,0,8
2011-01-27T09:42:00Z,48,0,0
2011-01-27T10:56:00Z,48,0,0
2011-01-27T15:02:00Z,48,0,0
2011-01-28T10:08:00Z,48,0,0
2011-01-28T13:37:00Z,0,0,4
2011-01-28T14:37:00Z,0,0,8
2011-01-31T09:51:00Z,0,0,8
2011-01-31T13:17:00Z,48,0,0
2011-02-01T11:08:00Z,48,0,3
2011-02-01T12:27:00Z,0,0,8
2011-02-02T13:35:00Z,4,0,0
2011-02-02T14:36:00Z,48,0,0
2011-02-02T15:22:00Z,48,0,0
2011-02-03T10:50:00Z,2592,0,0
2011-02-03T15:23:00Z,48,0,0
2011-02-04T10:31:00Z,1,0,0
2011-02-04T16:34:00Z,0,0,5
2011-02-07T11:56:00Z,0,0,1
2011-02-07T12:44:00Z,0,0,0
2011-02-08T14:58:00Z,48,0,0
2011-02-09T11:38:00Z,0,0,24
2011-02-11T10:15:00Z,0,0,8
2011-02-13T11:36:00Z,0,0,4
2011-02-14T09:47:00Z,0,0,96
2011-02-14T14:03:00Z,48,0,0
2011-02-15T14:08:00Z,0,0,1
2011-02-16T10:33:00Z,0,0,2
2011-02-17T11:19:00Z,0,0,2
2011-02-17T11:46:00Z,0,0,32
2011-02-17T12:01:00Z,96,0,0
2011-02-18T11:27:00Z,48,0,0
2011-02-18T16:12:00Z,40,0,0
2011-02-20T13:52:00Z,192,0,0
2011-02-21T12:29:00Z,48,0,0
2011-02-21T18:10:00Z,12,0,0
2011-02-21T18:15:00Z,5,0,0
2011-02-23T09:09:00Z,48,0,0
2011-02-23T09:14:00Z,48,0,0
2011-02-23T10:44:00Z,48,0,0
2011-02-24T11:42:00Z,0,0,8
2011-02-24T16:30:00Z,0,0,8
2011-02-25T14:59:00Z,0,0,7
2011-02-27T11:31:00Z,0,0,8
2011-02-27T12:27:00Z,48,0,0
2011-03-01T12:09:00Z,0,0,20
2011-03-01T12:26:00Z,0,0,8
2011-03-01T14:26:00Z,96,0,0
2011-03-02T11:43:00Z,288,0,0
2011-03-03T10:59:00Z,0,0,96
2011-03-04T10:24:00Z,48,0,0
2011-03-04T12:12:00Z,48,0,0
2011-03-04T12:37:00Z,1152,0,0
2011-03-04T13:39:00Z,0,0,2
2011-03-04T13:58:00Z,0,0,3
2011-03-04T14:02:00Z,48,0,0
2011-03-04T14:13:00Z,0,0,2
2011-03-06T11:28:00Z,0,0,2
2011-03-06T14:09:00Z,0,0,96
2011-03-07T10:11:00Z,0,0,3
2011-03-07T11:54:00Z,576,0,0
2011-03-08T09:23:00Z,48,0,0
2011-03-08T09:24:00Z,48,0,0
2011-03-08T10:04:00Z,48,0,0
2011-03-08T13:12:00Z,0,0,96
2011-03-09T09:44:00Z,48,0,0
2011-03-09T12:33:00Z,0,0,4
2011-03-10T09:49:00Z,0,0,48
2011-03-10T13:08:00Z,48,0,0
2011-03-10T14:37:00Z,288,0,0
2011-03-11T13:42:00Z,0,0,2
2011-03-13T13:46:00Z,48,0,0
2011-03-13T15:25:00Z,48,0,0
2011-03-14T10:41:00Z,240,0,0
2011-03-14T13:35:00Z,0,0,32
2011-03-15T10:49:00Z,48,0,0
2011-03-15T11:45:00Z,0,2,0
2011-03-15T14:15:00Z,0,0,1
2011-03-16T13:00:00Z,48,0,0
2011-03-16T14:12:00Z,0,0,2
2011-03-16T14:37:00Z,0,0,8
2011-03-17T09:03:00Z,96,0,0
2011-03-17T10:38:00Z,0,0,8
2011-03-17T20:12:00Z,0,0,2
2011-03-18T12:04:00Z,0,0,2
2011-03-20T10:35:00Z,48,0,0
2011-03-20T13:41:00Z,0,0,8
2011-03-22T08:49:00Z,0,0,8
2011-03-22T12:05:00Z,48,0,0
2011-03-22T12:25:00Z,0,0,1
2011-03-23T11:16:00Z,0,0,1
2011-03-23T13:42:00Z,48,0,0
2011-03-24T12:32:00Z,0,0,1
2011-03-25T10:19:00Z,48,0,0
2011-03-25T12:34:00Z,0,0,16
2011-03-25T14:46:00Z,48,0,0
2011-03-28T09:21:00Z,48,0,0
2011-03-28T09:59:00Z,48,0,0
2011-03-28T16:27:00Z,0,0,4
2011-03-30T09:19:00Z,48,0,0
2011-03-30T13:01:00Z,0,0,16
2011-03-30T15:05:00Z,96,0,0
2011-03-31T15:02:00Z,48,0,0
2011-03-31T17:28:00Z,48,0,0
2011-03-31T17:59:00Z,0,6,0
2011-04-01T12:19:00Z,1152,0,0
2011-04-01T12:27:00Z,1152,0,0
2011-04-03T11:36:00Z,0,10,0
2011-04-03T11:45:00Z,576,0,0
2011-04-03T12:46:00Z,0,48,0
2011-04-05T10:46:00Z,0,0,8
2011-04-05T11:42:00Z,0,0,0
2011-04-05T11:44:00Z,48,0,0
2011-04-06T11:14:00Z,0,0,1
2011-04-06T14:53:00Z,48,0,0
2011-04-07T11:16:00Z,48,0,0
2011-04-07T12:10:00Z,48,0,1
2011-04-07T12:33:00Z,96,0,0
2011-04-07T19:49:00Z,8,0,0
2011-04-08T11:50:00Z,48,0,0
2011-04-08T15:44:00Z,0,0,4
2011-04-10T15:09:00Z,48,0,0
2011-04-11T12:20:00Z,48,0,0
2011-04-11T13:41:00Z,0,12,0
2011-04-11T16:35:00Z,48,0,0
2011-04-11T17:12:00Z,0,0,12
2011-04-12T11:58:00Z,48,0,0
2011-04-12T12:00:00Z,48,0,0
2011-04-12T14:43:00Z,192,0,0
2011-04-12T15:30:00Z,48,0,0
2011-04-13T10:14:00Z,1728,0,0
2011-04-13T15:52:00Z,48,0,0
2011-04-14T14:37:00Z,0,0,5
2011-04-14T17:43:00Z,0,0,0
2011-04-15T15:54:00Z,48,0,0
2011-04-17T11:21:00Z,48,0,0
2011-04-17T11:45:00Z,48,0,0
2011-04-17T12:25:00Z,48,0,0
2011-04-17T12:57:00Z,48,0,0
2011-04-18T09:00:00Z,576,0,0
2011-04-18T10:29:00Z,0,0,0
2011-04-18T12:14:00Z,0,1,0
2011-04-18T13:46:00Z,48,0,0
2011-04-18T13:49:00Z,2,0,0
2011-04-18T14:05:00Z,0,0,4
2011-04-19T09:43:00Z,0,0,8
2011-04-19T10:04:00Z,48,0,0
2011-04-19T14:49:00Z,0,48,0
2011-04-19T15:37:00Z,5,0,0
2011-04-19T15:44:00Z,0,0,2
2011-04-20T11:33:00Z,0,0,1
2011-04-20T13:18:00Z,0,0,8
2011-04-20T13:35:00Z,48,0,0
2011-04-21T10:52:00Z,48,0,0
2011-04-21T12:07:00Z,0,0,8
2011-04-21T12:11:00Z,96,0,0
2011-04-21T12:34:00Z,0,48,0
2011-04-21T13:11:00Z,0,0,32
2011-04-21T13:40:00Z,1008,0,0
2011-04-21T16:17:00Z,0,0,2
2011-04-21T16:26:00Z,48,0,0
2011-04-21T16:37:00Z,0,0,4
2011-04-21T18:06:00Z,0,0,2
2011-04-21T19:51:00Z,0,0,8
2011-04-21T19:55:00Z,0,0,12
2011-04-26T11:04:00Z,48,0,0
2011-04-26T13:05:00Z,0,0,8
2011-04-26T15:45:00Z,1200,0,0
2011-04-26T17:32:00Z,0,0,0
2011-04-27T11:26:00Z,0,8,0
2011-04-27T15:07:00Z,1152,0,0
2011-04-27T17:18:00Z,0,0,2
2011-04-28T10:20:00Z,48,0,0
2011-04-28T13:35:00Z,48,0,0
2011-04-28T14:39:00Z,48,0,0
2011-04-28T16:11:00Z,48,0,0
2011-05-01T13:45:00Z,0,0,12
2011-05-03T09:34:00Z,48,0,0
2011-05-03T11:40:00Z,0,0,4
2011-05-04T10:15:00Z,48,0,0
2011-05-04T11:21:00Z,48,0,0
2011-05-04T11:58:00Z,288,0,0
2011-05-04T16:29:00Z,48,0,0
2011-05-05T12:37:00Z,0,0,8
2011-05-05T12:52:00Z,0,0,8
2011-05-05T13:56:00Z,48,0,0
2011-05-05T15:47:00Z,5,0,0
2011-05-06T09:00:00Z,48,0,0
2011-05-06T11:36:00Z,0,0,1
2011-05-06T13:25:00Z,48,0,0
2011-05-06T13:52:00Z,0,0,16
2011-05-06T14:01:00Z,0,0,8
2011-05-06T14:32:00Z,96,0,0
2011-05-06T15:40:00Z,0,0,2
2011-05-06T15:47:00Z,48,0,0
2011-05-08T11:49:00Z,48,0,0
2011-05-08T13:32:00Z,48,0,0
2011-05-08T14:08:00Z,48,0,0
2011-05-09T10:02:00Z,0,0,8
2011-05-09T10:24:00Z,0,0,8
2011-05-10T11:54:00Z,288,0,0
2011-05-10T12:04:00Z,0,0,0
2011-05-10T13:19:00Z,0,0,5
2011-05-10T14:22:00Z,0,0,1
2011-05-11T10:32:00Z,48,0,0
2011-05-11T12:32:00Z,48,0,0
2011-05-11T13:18:00Z,48,0,0
2011-05-11T14:24:00Z,48,0,0
2011-05-11T14:25:00Z,96,0,0
2011-05-12T12:36:00Z,576,0,0
2011-05-12T16:45:00Z,0,0,8
2011-05-13T11:53:00Z,0,0,16
2011-05-13T14:09:00Z,0,0,40
2011-05-13T15:53:00Z,0,0,1
2011-05-13T16:19:00Z,0,0,4
2011-05-15T13:37:00Z,0,0,12
2011-05-15T16:02:00Z,96,0,0
2011-05-16T09:40:00Z,48,0,0
2011-05-16T10:50:00Z,0,0,12
2011-05-16T14:05:00Z,0,0,8
2011-05-17T11:02:00Z,48,0,0
2011-05-17T11:28:00Z,288,0,0
2011-05-17T12:43:00Z,48,0,0
2011-05-17T15:25:00Z,48,0,0
2011-05-18T12:28:00Z,48,0,0
2011-05-18T13:56:00Z,96,0,0
2011-05-19T09:37:00Z,0,0,8
2011-05-19T12:08:00Z,48,0,0
2011-05-19T12:24:00Z,0,0,16
2011-05-19T15:15:00Z,48,0,0
2011-05-20T13:13:00Z,288,0,0
2011-05-22T13:01:00Z,0,0,8
2011-05-23T09:43:00Z,0,0,8
2011-05-23T11:07:00Z,48,0,0
2011-05-23T11:44:00Z,48,0,0
2011-05-23T13:25:00Z,48,0,0
2011-05-24T10:42:00Z,96,0,0
2011-05-24T13:46:00Z,48,0,0
2011-05-24T14:39:00Z,48,0,0
2011-05-25T10:12:00Z,48,0,0
2011-05-25T14:44:00Z,48,0,0
2011-05-26T11:40:00Z,96,0,0
2011-05-26T12:41:00Z,0,0,0
2011-05-27T13:30:00Z,48,0,0
2011-05-29T12:35:00Z,0,0,2
2011-05-31T13:17:00Z,48,0,0
2011-05-31T13:39:00Z,1152,0,0
2011-05-31T14:58:00Z,0,0,1
2011-06-01T10:15:00Z,48,0,0
2011-06-01T17:28:00Z,2,0,0
2011-06-02T11:13:00Z,3,0,0
2011-06-03T14:24:00Z,48,0,0
2011-06-03T17:09:00Z,0,0,1
2011-06-05T13:13:00Z,48,0,0
2011-06-05T13:29:00Z,48,0,0
2011-06-05T13:45:00Z,0,0,8
2011-06-05T15:25:00Z,48,0,12
2011-06-07T09:19:00Z,48,0,0
2011-06-07T11:39:00Z,48,0,0
2011-06-07T13:19:00Z,48,0,0
2011-06-07T13:35:00Z,0,0,8
2011-06-07T13:37:00Z,48,0,0
2011-06-07T16:04:00Z,96,0,0
2011-06-07T17:43:00Z,48,0,0
2011-06-08T10:36:00Z,0,0,8
2011-06-08T10:43:00Z,0,0,2
2011-06-08T11:37:00Z,48,0,0
2011-06-08T15:21:00Z,0,0,3
2011-06-08T16:39:00Z,48,0,0
2011-06-09T10:23:00Z,48,0,0
2011-06-09T11:37:00Z,0,0,8
2011-06-12T10:47:00Z,0,0,8
2011-06-12T13:04:00Z,0,0,16
2011-06-13T11:33:00Z,0,0,8
2011-06-13T15:30:00Z,1,0,0
2011-06-13T16:29:00Z,0,0,24
2011-06-14T09:41:00Z,48,0,0
2011-06-14T14:57:00Z,0,0,1
2011-06-17T12:30:00Z,48,0,0
2011-06-19T11:44:00Z,48,0,0
2011-06-19T11:45:00Z,0,0,8
2011-06-19T15:36:00Z,0,0,12
2011-06-20T09:04:00Z,288,0,0
2011-06-20T11:42:00Z,48,0,0
2011-06-20T13:27:00Z,48,0,0
2011-06-21T14:29:00Z,0,0,8
2011-06-21T16:13:00Z,96,0,0
2011-06-22T10:27:00Z,144,0,0
2011-06-22T12:50:00Z,48,0,0
2011-06-22T14:23:00Z,48,0,0
2011-06-23T11:51:00Z,0,0,1
2011-06-23T13:51:00Z,48,0,0
2011-06-23T14:35:00Z,48,0,0
2011-06-23T15:35:00Z,1,0,0
2011-06-24T09:27:00Z,48,0,0
2011-06-24T11:08:00Z,48,0,0
2011-06-24T13:35:00Z,48,0,0
2011-06-24T15:45:00Z,0,0,2
2011-06-26T12:36:00Z,0,0,8
2011-06-27T08:48:00Z,48,0,0
2011-06-28T11:22:00Z,0,0,96
2011-06-28T15:36:00Z,96,0,0
2011-06-29T12:46:00Z,0,0,4
2011-06-29T15:58:00Z,3,0,0
2011-06-30T14:46:00Z,96,0,0
2011-06-30T18:44:00Z,48,0,0
2011-07-01T12:33:00Z,0,0,3
2011-07-04T10:23:00Z,1,0,0
2011-07-04T10:27:00Z,48,0,0
2011-07-04T12:25:00Z,48,0,0
2011-07-04T13:19:00Z,0,0,32
2011-07-05T12:15:00Z,48,0,0
2011-07-05T14:53:00Z,0,0,96
2011-07-05T16:47:00Z,6,0,0
2011-07-05T17:09:00Z,2,0,0
2011-07-06T10:41:00Z,0,0,2
2011-07-06T13:13:00Z,48,0,0
2011-07-06T14:17:00Z,576,0,0
2011-07-06T16:29:00Z,1,0,0
2011-07-07T14:08:00Z,48,0,0
2011-07-07T15:31:00Z,144,0,0
2011-07-07T16:30:00Z,43,0,2
2011-07-08T10:01:00Z,48,0,0
2011-07-08T11:55:00Z,0,0,16
2011-07-08T16:26:00Z,48,0,0
2011-07-10T15:12:00Z,0,0,4
2011-07-11T12:15:00Z,480,0,0
2011-07-11T14:10:00Z,192,0,0
2011-07-12T09:54:00Z,0,0,8
2011-07-12T15:29:00Z,0,0,2
2011-07-13T13:16:00Z,48,0,0
2011-07-14T14:08:00Z,0,0,16
2011-07-14T16:42:00Z,48,0,0
2011-07-15T11:50:00Z,144,0,0
2011-07-15T14:05:00Z,48,0,0
2011-07-15T15:32:00Z,0,0,5
2011-07-17T11:50:00Z,48,0,0
2011-07-17T12:15:00Z,48,0,0
2011-07-17T12:32:00Z,48,0,0
2011-07-19T09:08:00Z,48,0,0
2011-07-19T12:10:00Z,48,0,0
2011-07-19T13:57:00Z,0,0,6
2011-07-19T14:03:00Z,0,0,8
2011-07-19T14:04:00Z,0,0,8
2011-07-19T15:29:00Z,144,0,0
2011-07-20T11:38:00Z,48,0,0
2011-07-20T13:53:00Z,48,0,0
2011-07-21T10:10:00Z,48,0,0
2011-07-21T14:34:00Z,48,0,0
2011-07-21T14:41:00Z,48,0,0
2011-07-21T17:08:00Z,48,0,0
2011-07-21T18:27:00Z,48,0,0
2011-07-22T14:13:00Z,6,0,0
2011-07-22T15:21:00Z,96,0,0
2011-07-24T11:40:00Z,48,0,0
2011-07-25T16:39:00Z,288,0,0
2011-07-25T16:57:00Z,2,0,4
2011-07-26T09:20:00Z,48,0,0
2011-07-26T15:29:00Z,48,0,0
2011-07-26T15:42:00Z,0,0,2
2011-07-26T16:22:00Z,4,0,0
2011-07-27T13:14:00Z,48,0,0
2011-07-27T15:12:00Z,1,0,0
2011-07-28T09:45:00Z,96,0,0
2011-07-28T10:14:00Z,48,0,0
2011-07-28T13:28:00Z,48,0,0
2011-07-28T15:21:00Z,48,0,0
2011-07-28T15:27:00Z,0,0,0
2011-07-28T18:56:00Z,48,0,0
2011-07-29T09:57:00Z,48,0,0
2011-07-31T15:25:00Z,48,0,0
2011-08-02T10:34:00Z,0,0,16
2011-08-02T14:31:00Z,0,0,9
2011-08-02T16:14:00Z,0,0,1
2011-08-03T14:07:00Z,48,0,0
2011-08-03T17:05:00Z,48,0,0
2011-08-04T11:07:00Z,0,0,8
2011-08-04T16:38:00Z,2,0,0
2011-08-05T15:02:00Z,0,0,8
2011-08-08T10:51:00Z,48,0,0
2011-08-08T12:00:00Z,48,0,0
2011-08-09T13:50:00Z,0,0,24
2011-08-09T14:57:00Z,0,0,8
2011-08-10T09:29:00Z,0,0,1
2011-08-10T10:53:00Z,0,0,96
2011-08-10T15:29:00Z,96,0,0
2011-08-10T16:51:00Z,1,0,0
2011-08-11T10:29:00Z,96,0,0
2011-08-11T12:44:00Z,192,0,0
2011-08-11T15:56:00Z,48,0,0
2011-08-12T11:09:00Z,48,0,0
2011-08-12T11:48:00Z,0,0,5
2011-08-15T09:59:00Z,144,0,0
2011-08-16T11:40:00Z,48,0,0
2011-08-16T12:52:00Z,48,0,0
2011-08-16T12:59:00Z,48,0,0
2011-08-16T13:05:00Z,0,0,1
2011-08-17T14:47:00Z,48,0,0
2011-08-18T08:49:00Z,0,0,24
2011-08-19T10:05:00Z,96,0,0
2011-08-19T10:10:00Z,0,0,8
2011-08-19T11:08:00Z,48,0,0
2011-08-19T17:10:00Z,0,0,2
2011-08-21T14:42:00Z,48,0,0
2011-08-22T14:37:00Z,48,0,0
2011-08-22T15:43:00Z,0,0,16
2011-08-23T10:56:00Z,240,0,0
2011-08-24T08:09:00Z,48,0,0
2011-08-24T10:20:00Z,192,0,0
2011-08-24T10:22:00Z,0,0,2
2011-08-24T11:31:00Z,96,0,0
2011-08-24T12:20:00Z,48,0,0
2011-08-24T12:36:00Z,0,0,24
2011-08-24T13:42:00Z,0,0,8
2011-08-24T14:53:00Z,48,0,0
2011-08-24T14:54:00Z,48,0,0
2011-08-24T15:08:00Z,96,0,0
2011-08-25T14:13:00Z,0,0,4
2011-08-26T13:22:00Z,48,0,0
2011-08-26T14:45:00Z,48,0,0
2011-08-28T12:31:00Z,48,0,0
2011-08-28T13:32:00Z,48,0,0
2011-08-30T10:36:00Z,2,0,0
2011-08-30T13:42:00Z,0,0,2
2011-09-01T11:15:00Z,96,0,0
2011-09-01T11:48:00Z,0,0,12
2011-09-01T16:45:00Z,48,0,0
2011-09-02T12:17:00Z,48,0,0
2011-09-02T15:16:00Z,0,0,4
2011-09-04T12:00:00Z,48,0,0
2011-09-04T16:12:00Z,48,0,0
2011-09-05T10:47:00Z,48,0,0
2011-09-05T12:06:00Z,48,0,0
2011-09-05T14:11:00Z,48,0,0
2011-09-06T14:28:00Z,0,0,1
2011-09-07T14:13:00Z,48,0,0
2011-09-08T12:42:00Z,48,0,0
2011-09-09T11:56:00Z,0,0,2
2011-09-09T15:09:00Z,48,0,0
2011-09-11T13:44:00Z,48,0,0
2011-09-11T15:35:00Z,96,0,0
2011-09-12T12:19:00Z,48,0,0
2011-09-13T11:12:00Z,288,0,0
2011-09-13T11:32:00Z,0,0,2
2011-09-13T12:18:00Z,48,0,0
2011-09-13T14:51:00Z,48,0,0
2011-09-15T09:34:00Z,48,0,0
2011-09-15T09:53:00Z,48,0,0
2011-09-15T10:29:00Z,48,0,0
2011-09-15T10:53:00Z,288,0,0
2011-09-15T13:20:00Z,48,0,0
2011-09-15T14:07:00Z,96,0,0
2011-09-15T14:56:00Z,48,0,0
2011-09-16T09:27:00Z,144,0,0
2011-09-16T11:48:00Z,48,0,0
2011-09-18T15:32:00Z,48,0,0
2011-09-19T15:02:00Z,48,0,0
2011-09-20T13:42:00Z,96,0,0
2011-09-21T14:40:00Z,9,0,0
2011-09-21T15:22:00Z,2,0,0
2011-09-22T09:53:00Z,48,0,0
2011-09-22T13:31:00Z,192,0,0
2011-09-22T17:15:00Z,0,0,8
2011-09-23T11:22:00Z,0,0,1
2011-09-23T14:05:00Z,48,0,0
2011-09-23T15:21:00Z,48,0,0
2011-09-25T13:42:00Z,48,0,0
2011-09-25T14:52:00Z,48,0,0
2011-09-26T10:16:00Z,48,0,0
2011-09-26T15:23:00Z,48,0,0
2011-09-26T15:28:00Z,5,0,0
2011-09-27T12:52:00Z,48,0,0
2011-09-27T15:17:00Z,96,0,0
2011-09-28T09:40:00Z,48,0,0
2011-09-28T13:13:00Z,96,0,0
2011-09-28T15:18:00Z,40,0,0
2011-09-29T10:23:00Z,48,0,0
2011-09-29T13:21:00Z,48,0,0
2011-09-29T14:46:00Z,0,0,2
2011-09-29T18:51:00Z,48,0,0
2011-09-30T07:36:00Z,144,0,0
2011-09-30T09:20:00Z,48,0,0
2011-09-30T09:39:00Z,48,0,0
2011-09-30T12:03:00Z,48,0,0
2011-09-30T14:41:00Z,48,0,0
2011-09-30T17:22:00Z,3,0,0
2011-10-02T13:26:00Z,48,0,0
2011-10-02T13:49:00Z,48,0,0
2011-10-03T09:57:00Z,7,0,0
2011-10-03T10:08:00Z,96,0,0
2011-10-03T10:09:00Z,48,0,0
2011-10-04T09:09:00Z,48,0,0
2011-10-04T10:11:00Z,0,0,1
2011-10-04T11:36:00Z,48,0,0
2011-10-04T12:22:00Z,10,0,0
2011-10-04T14:58:00Z,12,0,0
2011-10-05T09:55:00Z,288,0,0
2011-10-05T12:14:00Z,48,0,0
2011-10-05T14:03:00Z,48,0,0
2011-10-07T11:22:00Z,48,0,0
2011-10-07T11:26:00Z,0,0,1
2011-10-07T12:42:00Z,48,0,0
2011-10-07T13:17:00Z,0,0,3
2011-10-09T11:50:00Z,192,0,0
2011-10-09T13:44:00Z,48,0,0
2011-10-10T08:23:00Z,48,0,0
2011-10-10T14:55:00Z,96,0,0
2011-10-10T15:39:00Z,48,0,0
2011-10-10T17:12:00Z,4,0,0
2011-10-11T09:26:00Z,48,0,0
2011-10-11T10:41:00Z,48,0,0
2011-10-11T14:52:00Z,48,0,0
2011-10-11T16:29:00Z,1,0,0
2011-10-12T12:42:00Z,48,0,0
2011-10-12T16:36:00Z,5,0,0
2011-10-12T17:19:00Z,48,0,0
2011-10-13T09:55:00Z,48,0,0
2011-10-13T13:35:00Z,48,0,0
2011-10-14T09:04:00Z,0,0,1
2011-10-14T11:42:00Z,48,0,0
2011-10-16T15:27:00Z,144,0,0
2011-10-17T13:31:00Z,15,0,0
2011-10-17T16:53:00Z,48,0,0
2011-10-18T15:52:00Z,48,0,0
2011-10-19T11:27:00Z,48,0,0
2011-10-19T14:14:00Z,144,0,0
2011-10-20T08:21:00Z,48,0,0
2011-10-20T10:41:00Z,0,0,4
2011-10-20T11:47:00Z,48,0,0
2011-10-20T13:54:00Z,48,0,0
2011-10-20T19:51:00Z,48,0,0
2011-10-21T12:25:00Z,288,0,0
2011-10-21T12:56:00Z,48,0,0
2011-10-21T13:50:00Z,96,0,0
2011-10-23T14:47:00Z,48,0,0
2011-10-24T08:59:00Z,48,0,0
2011-10-24T10:08:00Z,48,0,0
2011-10-24T13:34:00Z,48,0,0
2011-10-24T14:35:00Z,48,0,0
2011-10-24T16:20:00Z,48,0,0
2011-10-25T08:51:00Z,48,0,0
2011-10-26T13:56:00Z,48,0,0
2011-10-26T14:20:00Z,48,0,0
2011-10-26T16:21:00Z,48,0,0
2011-10-27T10:26:00Z,48,0,0
2011-10-27T12:26:00Z,4800,0,0
2011-10-30T11:55:00Z,48,0,0
2011-10-31T14:09:00Z,14,0,0
2011-10-31T16:24:00Z,48,0,0
2011-11-02T12:15:00Z,48,0,0
2011-11-02T12:26:00Z,144,0,0
2011-11-02T13:13:00Z,48,0,0
2011-11-02T14:04:00Z,48,0,0
2011-11-03T09:17:00Z,48,0,0
2011-11-03T11:43:00Z,48,0,0
2011-11-03T11:51:00Z,48,0,0
2011-11-03T14:27:00Z,48,0,0
2011-11-03T15:54:00Z,48,0,0
2011-11-04T10:23:00Z,48,0,0
2011-11-04T12:45:00Z,96,0,0
2011-11-04T13:25:00Z,48,0,0
2011-11-04T14:19:00Z,48,0,0
2011-11-04T17:03:00Z,48,0,0
2011-11-06T13:42:00Z,48,0,0
2011-11-06T15:11:00Z,48,0,0
2011-11-08T09:54:00Z,48,0,0
2011-11-08T11:58:00Z,48,0,0
2011-11-08T13:29:00Z,192,0,0
2011-11-08T15:26:00Z,48,0,0
2011-11-08T16:12:00Z,48,0,0
2011-11-09T10:27:00Z,48,0,0
2011-11-09T12:30:00Z,48,0,0
2011-11-09T15:11:00Z,48,0,0
2011-11-10T10:45:00Z,96,0,0
2011-11-10T12:37:00Z,5,0,0
2011-11-10T13:28:00Z,96,0,0
2011-11-10T15:23:00Z,48,0,0
2011-11-11T09:05:00Z,5,0,0
2011-11-11T10:32:00Z,48,0,0
2011-11-11T12:44:00Z,96,0,0
2011-11-11T13:06:00Z,5,0,0
2011-11-11T14:53:00Z,48,0,0
2011-11-11T15:54:00Z,48,0,0
2011-11-13T11:24:00Z,48,0,0
2011-11-13T12:03:00Z,48,0,0
2011-11-13T16:22:00Z,48,0,0
2011-11-14T08:22:00Z,288,0,0
2011-11-14T12:45:00Z,48,0,0
2011-11-14T15:27:00Z,4,0,0
2011-11-15T09:11:00Z,48,0,0
2011-11-15T14:29:00Z,48,0,0
2011-11-15T16:57:00Z,4,0,0
2011-11-15T17:00:00Z,1,0,0
2011-11-16T12:21:00Z,48,0,0
2011-11-16T13:24:00Z,48,0,0
2011-11-16T15:16:00Z,4,0,0
2011-11-16T15:23:00Z,1,0,0
2011-11-16T15:35:00Z,144,0,0
2011-11-16T17:10:00Z,48,0,0
2011-11-17T08:29:00Z,48,0,0
2011-11-17T12:59:00Z,48,0,0
2011-11-17T15:16:00Z,48,0,0
2011-11-17T16:39:00Z,48,0,0
2011-11-18T09:48:00Z,0,0,3
2011-11-18T09:56:00Z,48,0,0
2011-11-18T14:01:00Z,48,0,0
2011-11-18T15:00:00Z,48,0,0
2011-11-18T15:59:00Z,4,0,0
2011-11-20T11:00:00Z,48,0,0
2011-11-20T13:20:00Z,48,0,0
2011-11-21T13:09:00Z,288,0,0
2011-11-21T15:18:00Z,12,0,0
2011-11-21T16:25:00Z,48,0,0
2011-11-22T10:41:00Z,0,0,1
2011-11-22T15:43:00Z,1,0,0
2011-11-22T15:49:00Z,96,0,0
2011-11-23T12:20:00Z,96,0,0
2011-11-23T12:36:00Z,48,0,0
2011-11-23T12:39:00Z,96,0,0
2011-11-23T13:39:00Z,17,0,0
2011-11-24T09:21:00Z,12,0,0
2011-11-24T09:26:00Z,7,0,0
2011-11-25T10:03:00Z,48,0,0
2011-11-25T10:20:00Z,48,0,0
2011-11-25T16:14:00Z,2,0,0
2011-11-27T11:22:00Z,96,0,0
2011-11-28T15:50:00Z,48,0,0
2011-11-28T15:54:00Z,10,0,0
2011-11-29T13:43:00Z,48,0,0
2011-11-29T14:08:00Z,48,0,0
2011-11-30T08:23:00Z,144,0,0
2011-11-30T09:18:00Z,48,0,0
2011-11-30T12:00:00Z,48,0,0
2011-11-30T15:13:00Z,1,0,0
2011-12-01T10:31:00Z,48,0,0
2011-12-01T12:01:00Z,48,0,0
2011-12-01T12:44:00Z,6,0,0
2011-12-01T13:08:00Z,48,0,0
2011-12-01T16:05:00Z,48,0,0
2011-12-02T12:42:00Z,48,0,0
2011-12-02T17:06:00Z,48,0,0
2011-12-05T11:11:00Z,48,0,0
2011-12-05T13:10:00Z,48,0,0
2011-12-05T14:35:00Z,96,0,0
2011-12-05T17:17:00Z,13,0,0
2011-12-06T08:52:00Z,48,0,0
2011-12-06T10:05:00Z,0,0,2
2011-12-06T11:58:00Z,96,0,0
2011-12-06T14:14:00Z,48,0,0
2011-12-06T14:31:00Z,48,0,0
2011-12-06T16:26:00Z,3,0,0
2011-12-07T10:09:00Z,144,0,0
2011-12-07T12:48:00Z,48,0,0
2011-12-07T15:02:00Z,48,0,0
2011-12-08T13:46:00Z,48,0,0
2011-12-08T15:03:00Z,288,0,0
2011-12-09T08:59:00Z,48,0,0
2011-12-09T10:03:00Z,1,0,0
